Start,End,Sequence,Length,Color
11[172],16[161],GCAAGGTAGAAATCAAATCGGTTGTACCAAACAAACAACTGGCGA,45,#000009
4[258],15[258],AAATCATTGTTTATATCGGAAGCCAGGGTGCCGGAAGATTGT,42,#00000f
14[230],11[219],GGCAAGGGATAATCCCATTCAGGCTGCGCCAACGCGAAGAAACAT,45,#00000d
3[399],5[412],CAAGAAAGCTATTACCTTCTGACCTGAATTGAGTGCGTTTTT,42,#00001a
8[48],6[38],ATAAATCTGAATTTTTGCAGGGAGTTAATGCGGGAAGAG,39,#000000
3[357],6[368],CATTTCAGCCATTAGACCAGTAATAAAAAACGTGGGGGTATTGAA,45,#000017
6[241],10[231],CAGAGTGGCAAGCCATCTTTTCATAGATTAGGGGAATTG,39,#00000e
7[399],14[399],TGAATTACAAATCATGTACAGGGATATTAATGCTGTTCCATA,42,#00001a
2[286],17[275],CAGTGCCACATCGGCTGAGAAGAGTCAATCCTGAACGAGGTGACC,45,#000011
15[301],17[311],ATTCGCATTCATTTAGCAAACTCCAACAGGGCTTGCGCC,39,#000013
6[283],10[273],CAATTTTATTTTTTTCATCGGCATTTGCCGTCTCAACAG,39,#000011
6[373],1[384],TAAAAACCAATGAGTGAGAGCAAAAGAAGATAACTGATTCTGGCC,45,#000018
13[77],2[77],TGGATAGAGCAACACCACACAGTACTATGGTACGCGAAGTAT,42,#000003
10[230],8[217],CGAATAAGACCCCCTTGCCAGTTACAAAGTAGAAATCACCGG,42,#00000d
14[398],11[387],TAACAGTTTTCATCGGCGGATTGACCGTTTCCGAACAAATCAGGA,45,#000019
15[91],17[101],AATGCCGTTTAGAATACTGCGGAATCGTGGAATTAAGCA,39,#000004
8[216],6[203],AACCAGAGCTGAGATTCACGTTGAAAATTACACTAGCCATAT,42,#00000b
13[203],1[216],TCAGAAGGTTAATACATTAATGGCGAACGTAGAAGAACTCAA,42,#00000b
8[174],6[164],CCTCAGATATTTCGTTTAATTGTATCGGCCACTACTTTA,39,#000009
9[77],11[87],TTTGATGCAGGTCATTACCGAAGCCCTTTTAACTGGCAA,39,#000003
4[48],15[48],CCGGAATTATGCGTCTTTCCTTGTTTCCAGGATCCCAGTCAA,42,#000000
6[367],10[357],CGCGGAAGGTAACGTCACCAATGAACGCCACCTAGTTAG,39,#000017
14[356],11[345],GACCATTCGCCATCGGCGCATCGTAACCCGCTGGTGCCCTGAACG,45,#000016
15[259],17[269],ATAAGCAAATAGTAATATCGCGTTTTAAACCTTATTCTT,39,#000010
1[175],8[175],TTGATTAAAAGCGAAAGTACCGAAACGATGGCATGCCGCCAC,42,#00000a
16[118],9[118],GGTTTTCAGCCTGGACATAACAAGACTTTACCGATAACGGGG,42,#000005
7[357],14[357],AGGGAGGAGGCGTTGGGAACCAGTGAATAGGTCATTTAGTTT,42,#000017
4[216],16[203],GGTTGGGCGACGACGAAAGCCGAATCGGCAACTGTTGGGAAG,42,#00000b
7[189],10[189],CTCCTTACCCAATCAAGAGGCAAAAGAACTCCAAAAAAAAGG,42,#00000b
11[178],7[188],ACCTAGGAGCCGAACCTATTATTCTCTCAGAGATTAAGA,39,#00000a
7[315],14[315],TTTACCACCTTAAACATGTTAGTAAATTGGTCAGGTGTTTAG,42,#000014
8[342],6[332],CACCGTATAGTACCGTTTTGTCGTCTTTGGAACGAGGGA,39,#000015
15[49],17[59],ATCACCATGTAGGTAGAGGGGGTAATAGGTTTACCAATT,39,#000001
4[132],15[132],TTAGTTAACATGTATGCGCGTAATGAGTTTGGGTACAAAGGC,42,#000006
2[118],17[107],TAGAGCCGATGATGCTTCTGACCTAAATTCGCCATCCGCGCTAGT,45,#000005
3[147],6[158],TGGATTATAAAATAGCAAATTAACCGTTAGGGCGCAGCCAGTTCA,45,#000008
11[256],16[245],AGTTAAGAACACTTCAAGTAGCATTAACATCAACAGGAAACCAGG,45,#00000f
17[102],4[91],TAATAATGCGGTGTTTTGATAATACATTTGATCATCATTTTGAAA,45,#000004
2[412],17[401],TTGAATGACAAAATTTTTTTAATGGAAAAGCAAGCTTGTTCCAAA,45,#00001a
13[371],2[371],GATGGCTAAAGCTGCTGTTTGATTAAAGGGGACATAGCCCTA,42,#000018
1[91],8[91],CTGAGAACCGCTACGGCTTAAGGGAGAATTTAAGAACAGGAG,42,#000004
6[121],1[132],TAAAACGCCAATTTCATGCAATTCATCAATAAACAACTGTAAAAG,45,#000006
7[105],14[105],GCAGATAGAAGCGCAGGACTAGCCAAAACATAAATCAAGGAT,42,#000005
15[385],17[394],AGCCAGCTGATTCCTAATTGCTGAATATCATTACCATC,38,#000019
13[161],2[161],GACCATAAAGATTCTCACTGCGGGCGCTGTAGCAATGAGGAA,42,#000009
14[104],11[93],AAAAATTGAGAGGGCGACGTTGTAAAACAGCCGGACGAGGCACTA,45,#000004
2[160],17[149],GGTTATCTACTTCTAACGCGAGAAAACTATTTTCGTGGCAAGTAA,45,#000008
1[343],8[343],TTCACCAGGGCGAATTTCCTTACCTCCCCATTCAAATAGCAG,42,#000016
2[202],2[203],TCTGGTCTTATTTGCACGTAAAACAGAAACCCTCAATCAATA,42,#00000b
15[175],17[185],GATGAACAGCTAAAAATCAGGTCTTTACAACAACAGGAA,39,#00000a
17[270],4[259],TTCCCGTAAAGCAACAGGAGCCAGCAGCAAATATACAGTTTATCA,45,#000010
6[289],1[300],CAGAATAATATAAGACGGAGAAACAATAACGAACACCGCTACATT,45,#000012
6[115],10[105],CAGGGCCGAACCCAGAGCCGCCGCCAAGTTTTAGTTGCG,39,#000005
8[300],6[290],CAGACTGAAGTATATGGGATTTTGCTAAAAATTGTCACC,39,#000012
11[298],16[287],AAATTAATTTGACCGGAGGGGCGCGAGCTGAAATATTTTCGCACT,45,#000012
6[412],10[399],TAGCAAGTCACCGTGCAAAATCACCAGTTTTCAGGGTACAAA,42,#00001a
7[63],14[63],TAGCAATAGTCAGAGACAGCAAACCCTCTAAAATGATGCCTG,42,#000002
17[144],4[133],CATTGTAGCGCCATCACTCTTTAGGAGCACTTAATCCTATATATT,45,#000007
9[287],11[297],TTGATATTAGCGCGTGTCACAATCAATATATTTTGGTCG,39,#000012
1[385],8[385],AACAGAGAACAAGAACTCATCAAGGCTTTTATTCATTACCAT,42,#000019
11[220],7[230],CTTTTAATTTTCTCCTCAAGAGAAGATCAAAAATACATA,39,#00000d
2[328],17[317],ATAAAACTACCAAGCTTAGAATCCTTGATGTAGAAGCCCACTCCC,45,#000014
14[272],11[261],TTCTACTAATATTTGGCACCGCTTCTGGTGGTTTTGCGATTTACA,45,#000010
13[329],2[329],AGTACCTCACCAGACAGCAAGCTATCAGTTTACATGCAGAAG,42,#000015
11[262],7[272],ACGGGGAGTGAACCAGGCGGATAAGTTCGGTCCACCACG,39,#000010
2[370],17[359],AAACATCATTACCTATAACCTTGCTTCTCAAGAACACTCCAAAGC,45,#000017
17[108],13[118],GTAACCAGTCATAGCTATTTTTGAGTTCAACGATTCATT,39,#000005
15[343],17[353],ATAGGAAAGATACACTCCTTTTGATAAGAAGGCTTTTGC,39,#000016
13[119],2[119],GAATCCCTGCAGATGGTGCCTAACCACCCCACCGAAATAGAT,42,#000006
10[272],3[272],TTTCAGCAGATTTGTGAATCTAGATAAGTAGTGAATAACAGT,42,#000010
11[130],16[119],AGTCAACTAACCTCAAAGGAGAAGCCTTTATAGATCTAACGCCAG,45,#000006
11[340],16[329],CAGCGAGAAATTAATTGTTTCGCAAATGGTCTCATTTTTGCCAGT,45,#000015
2[244],17[233],CATCACCTCAGGTTAGAGACTACCTTTTTCAGCTACCCGATTGAG,45,#00000e
15[133],17[143],TATCAGGTTTTGCGTGCTTTAAACAGTTAGGAATACTCA,39,#000007
16[76],9[76],AGCTTGCCACAATTCTATCATTCGGAACCATAACCCATGGCT,42,#000002
13[245],2[245],CCGAAAGTGGCTCAATTGGGCCCCTAAAACAATATTCTAAAG,42,#00000f
7[231],9[244],CATAAAGGCCTAATAGCGATTATACCAAAACTAAAATTAGCG,42,#00000e
17[276],13[286],AGTGGCTTTCCAAATTGTAAACGTTAAAGGTGTTCAAAG,39,#000011
8[258],6[248],CCTTATTGCTCAGTGAATAGAAAGGAACGCGCGAAAGCG,39,#00000f
11[304],7[314],GCGATTCTGTAGCCCGGAATAGGTGTTTGCCTCATATGG,39,#000013
14[146],11[136],GTAATACTCATTGCGCAAGGCGATTAAGGAGCTAACCACATTTTCC,46,#000007
17[150],13[160],TTGCATGTGCTCTGAGAGTCTGGAGAACATTACGAGAAT,39,#000008
4[300],15[300],CTTAGATTCCCATCCCAAATCTGATTGCAGGAAGATGTTAAA,42,#000012
3[315],6[326],CTTTGAAAGAGGTGTCTGAAATGGATTAGGCGATGACCAATCTTT,45,#000014
1[301],8[301],TTGACGCCCATCACCTAATTTTAGTTGCGAAAATTTTAGCGT,42,#000013
6[331],1[342],GGTAATAATCATTTTCCTTACAAAATCGCGCACCACCATGGCAGA,45,#000015
9[35],11[45],CAGTCTCCTCATTACCAATAATAAGAGCTAATATCTCGT,39,#000000
13[287],2[287],CGAACCACAACTTTCAACAGCAAGTTTTGAAATACCCTGCAA,42,#000012
6[163],1[174],ACGAATAAGAGACAAAGGAATAATGGAAGGGAAGGAATTACTTCT,45,#000009
3[63],6[74],AAAGAAATACAAACTTTTAGACAGGAACGGTTGCTAAAGCCATGA,45,#000002
10[398],3[398],CTACAACTGAACGGGATATAGGAGAACACAGTACACAAACAT,42,#000019
16[244],14[231],CAAAGCGTTTGCGTTTATACCAGTCAGGGATTAAGTCATACA,42,#00000e
6[247],1[258],TCTACGCGCCAGGTCTGTAACGTCAGATGAATGAAAAATACCGCC,45,#00000f
8[384],6[374],TAGCAAGCCTCAGAGCATTCCACAGACACCAACTTATTC,39,#000018
11[137],7[146],ATTTGAATTTAACAGTGCCCGTATACCCTCAAGGAAAC,38,#000007
11[346],7[356],GTCAATCTAAAGCCACCCTCAGAACACCATCGCCGATTG,39,#000016
7[147],14[147],GCAATAATGAAAATTAAAATAGAGATTTCAGAAAATGACCCT,42,#000008
8[132],6[122],CACCAGACTTGAGTCTTAAACAGCTTGATTTCATGAACA,39,#000006
1[133],8[133],AGTCTGTGTCACGCATTTAGGTTTACAGGAAACCGGAGCCGC,42,#000007
3[231],6[242],TAGATTTTTGCTGATGGTAATATCCAGAGGGAGCCATGCAGATTC,45,#00000e
9[329],11[339],GGAGGTTATCAGTAAGACAAAAGGGCGAGACTTGCGGCG,39,#000015
15[217],17[227],CCCGGTTCAAAGAAGATTGCATCAAAAAACGTTGGGCGG,39,#00000d
9[203],9[202],TTAAGAGGCCACCACCGGAACCGCCTCCGAAACATGAAAGTA,42,#00000b
17[186],4[175],ACCAGGGAAGGTAATAAAAATCAACAGTTGATTAGAACAAATCCA,45,#00000a
10[356],3[356],CGTAACGATCATAATTAGCGAATCATTCGTAAATCAATTATT,42,#000016
1[49],8[49],GCCGATTTAACGTGTATACAATGAGCGCAAGAAACCAAACAA,42,#000001
17[60],4[49],GTTGCACGTAAAAGGGAAATTCGACAACTCGTCATTTTATAAACA,45,#000001
13[35],2[35],AAAGAAGACCAAAATCATAGCCGTTAGAGAGCTAATCCTTTG,42,#000000
10[146],3[146],TTCGAGGAAACGGGAGCAGCCCAGAGGCTTTTCAAGATTGTT,42,#000007
4[90],15[90],TACCGACACAGTAGAGGGCGCACATACGGACGGCCATAAATT,42,#000003
17[354],4[343],CCCCGTCAAAGTCACACAAAATACCGAACGAAGAGGCGGTCGCTA,45,#000016
6[37],1[48],AGAAGTATCACATAATTTTTGAGTAACATTATATTAAAACAGGAG,45,#000000
6[157],10[147],AAAATAACGGACCCTCAGAGCCACCAAACAGTGCTTGCT,39,#000008
6[325],10[315],GAAGGCGCCAAGCGACAGAATCAAGTATCACCTTAGTAA,39,#000014
11[46],16[35],CACGATAAAATTTTGCCAAAGATTCAAAAGGCCGGAGACCGGGTA,45,#000000
14[188],11[177],AGCATAAGGTAATCGCCTCTTCGCTATTCCAGTCGTTATTACCCA,45,#00000a
16[412],9[412],CCGTGGGTTATAAAAAGAACCACCAGGCGTCACCAGATAGCA,42,#00001a
17[228],4[217],GGATAGAGCTGCCTTGCACCTCAAATATCAAATAAAGACGGCTTA,45,#00000d
11[214],15[216],ACTAATCTACCAAAGCGTTAGCAAAATTAAGTCAATCATATGTAC,45,#00000b
14[314],11[303],CTATATTTTAAATTACAGTATCGGCCTCCCTTCACAGATGGTTCC,45,#000013
16[202],13[202],GGCGATCCCAGCTGAAACGAACTAACGGCCTGACTATTATAG,42,#00000b
5[203],17[191],GTCCAGATTATATAACTATATGTAAATGGGTAAAGGAAAGGATGT,45,#00000b
6[79],1[90],CCCACGCTCACGTGTGAAAGGAGCGGAATTAGGATTTACAGAATC,45,#000003
16[328],9[328],TTGAGGGAGAGTTGACGAGTACTTAGCCCCAGACGGTACTCA,42,#000014
17[192],14[189],CGTGGGTGCGGGTAAAACTAGCATGCAATAAAGCCTCAG,39,#00000b
17[395],4[385],GGCAAGTTTGGATAGAACGTCTTTAATGCGCGGATGAAATAAATCA,46,#000019
2[76],17[65],TAGACTTCCACCAGTAAATAAGGCGTTACCAGTATTTGACGAATC,45,#000002
9[371],11[381],CCGCCACGCCGGAAAATATTGACGGAAAATCCGGTTGAA,39,#000018
10[314],3[314],ATGAATTCCTGCTCTCAAGATACGAGCAAAACATACTGATTG,42,#000013
17[66],13[76],CGCTATGCCTGGATATTCAACCGTTAAATGCATTTAGAC,39,#000002
7[273],14[273],GAATAAGTTTATCCTATCATCGTGAATTTTCGAGCGCATCAA,42,#000011
8[90],6[80],GTTGAGGATACAGGAACCATCGCCCACGGAGGGTAAACA,39,#000003
9[161],11[171],CCCTGCCACCGCCAATACCCAAAAGAACTTTTTTGGAAG,39,#000009
10[104],3[104],CCGACAAGGCTTTGATTAGACTTGAGAATTAATGGATTCCTG,42,#000004
10[188],3[188],CTCCAAAAAAACGACAAATAAGACAAAACTGATGCCTACCAT,42,#00000a
3[105],6[116],ATTATCAGTCAATATATAATCAGTGAGGACACCCGATTTAACAAA,45,#000005
3[273],6[284],ACCTTTTACGCTGAGAAAAACGCTCATGTTGGGGTCAAGAAACTA,45,#000011
11[88],16[77],CGGTAGTAAGCGTCCAACCCTCATATATTTTCTAGCTGAGTGCCA,45,#000003
17[360],13[370],AGGCGTAGATGAAAAATAATTCGCGAGTAGATTTTTGCG,39,#000017
17[318],13[328],TGAGGACGACGTTTGTTAAATCAGCAATAACCATTAGAG,39,#000014
3[189],5[202],ATCAAAAAGTTGGCCATCACTTGCCTGAGTGGCGATAATTCT,42,#00000b
11[388],7[398],CAGAGCCTGTAGCCACCACCCTCATAGCACCATTAAAGG,39,#000019
4[174],15[174],ATCGCAAGAATATAAAGGAGCCCGCTTTACGCCAGGAGAATC,42,#000009
6[202],11[213],TATTTATTTACGCAGTATGTTAGCAAACATAAACAAAAC,39,#00000b
4[384],15[384],ATATATGGTACCGCGTCCACTATGGTGGAATGGGATTCCTGT,42,#000018
17[234],13[244],GCGGCCATTCGAGAAAAGCCCCAAACAATAAAAGGAAGC,39,#00000e
11[52],7[62],CAGCCTGAGGCACCGTTCCAGTAAGATATTCAAATGAAA,39,#000001
16[160],9[160],AAGGGGGGTTGCGCATCAGTTCGTAATGTTTATCATAATGCC,42,#000008
1[217],3[230],ACTATCGTGACGGGAATAAACAACATGTTAACCTCAATTGCG,42,#00000d
11[382],16[371],AGAACGTAACTAGAGCTCAATTCTGCGAACGTCTGGCCTAGGTCA,45,#000018
17[312],4[301],TGGACGTGAATCAATCGAGGCGGTCAGTATTGATTCGCGCGATAG,45,#000013
16[286],9[286],CCAGCCAAGACGGGAATCATTGCCTGATACAACTTGAGAGGG,42,#000011
16[370],9[370],CGTTGGTGAAAATCCTCATTCGAACTGAGCCCTCACTCAGAA,42,#000017
14[62],11[51],AGTAATGTCAATATCAGGTCGACTCTAGTGTGTGAAGACGACCCT,45,#000001
17[402],13[412],TCCCAACAAACAACATTAAATGTGAAGTTTCATAGCTCA,39,#00001a
4[342],15[342],TTAATTAGGCTGTCAAACCGTCGGTCCAGTGCATCTTAACCA,42,#000015
9[119],11[129],TCAGTGCACCACCAAAAGTTACCAGAAGAGAGAATAGGA,39,#000006
10[62],3[62],TCGGTCGAGCGAAAGGGTAATATTCTTAAATAAGAGCGGAAC,42,#000001
1[259],8[259],AGCCATTGCACTAACAACAATTACCAACGCAAAGAATAGCCC,42,#000010
6[73],10[63],ACAAAGCTATCGACGATTGGCCTTGCGTCATAGATATAT,39,#000002
9[245],11[255],GGGTTTTAGCGTTTCATATAAAAGAAACGCTAACGACAA,39,#00000f
11[94],7[104],CAGATGACAACAGTGTACTGGTAATAGCATTGAAAGTAA,39,#000004
